fold,train_start_ts,train_end_ts,test_start_ts,test_end_ts,best_ma_fast,best_ma_mid,best_ma_slow,best_rsi_short,best_rsi_cover,best_vol_min_pct,best_max_hold_bars,train_score,train_return_pct,test_return_pct,test_max_dd_pct,test_trades,test_win_rate,test_entry_fill_rate,test_exit_fill_rate,test_limit_expired,test_capacity_reject_entries,test_capacity_reject_exits,oos_equity_after_fold
0,1745222400000,1755288000000,1755302400000,1758744000000,10,20,52,62,46,1.2,24,-20.0,0.0,0.0,0.0,0,0.0,0.0,0.0,0,0,0,1.0
1,1748678400000,1758744000000,1758758400000,1762200000000,7,20,52,62,46,0.4,24,-20.0,0.0,0.1,6.53,2,50.0,100.0,100.0,0,0,0,1.00099
2,1752134400000,1762200000000,1762214400000,1765656000000,10,20,60,62,42,0.8,24,2.86,3.22,-2.55,8.18,2,0.0,100.0,100.0,0,0,0,0.975437
3,1755590400000,1765656000000,1765670400000,1769112000000,10,30,60,62,38,1.2,48,-3.25,2.89,0.0,0.0,0,0.0,0.0,0.0,0,0,0,0.975437
4,1759046400000,1769112000000,1769126400000,1772568000000,10,30,60,62,42,0.8,24,0.93,7.78,6.86,2.96,2,100.0,66.67,100.0,1,0,1,1.042306
5,1762502400000,1772568000000,1772582400000,1776024000000,7,30,60,58,42,1.2,96,8.2,14.03,0.0,0.0,0,0.0,0.0,0.0,1,0,0,1.042306
